{
  "spacingX": 8.3,
  "spacingY": 5.9,
  "zoom": 3.4095319023965436,
  "panX": -786.7314748883048,
  "panY": -513.8243314653467
}