{
  "spacingX": 12,
  "spacingY": 8.3,
  "zoom": 5,
  "panX": -1402.722075310569,
  "panY": -1016.559927317983
}